{"input": "I Love AWS tools", "sentiment": "POSITIVE", "score": {"Positive": 0.997831404209137, "Negative": 0.00016904459334909916, "Neutral": 0.0015955643029883504, "Mixed": 0.00040401858859695494}}